{
  "k_list": [
    5,
    10,
    20
  ],
  "results": {
    "ItemPop": {
      "n_users": 943,
      "mrr": 0.19453873114371914,
      "hr@5": 0.26299045599151644,
      "ndcg@5": 0.17878617444158376,
      "hr@10": 0.41145281018027574,
      "ndcg@10": 0.2258640769863881,
      "hr@20": 0.6118769883351007,
      "ndcg@20": 0.2761973571640713
    },
    "ItemKNN": {
      "n_users": 943,
      "mrr": 0.2514803261328922,
      "hr@5": 0.3669141039236479,
      "ndcg@5": 0.24965343851838465,
      "hr@10": 0.5079533404029692,
      "ndcg@10": 0.2949419602839998,
      "hr@20": 0.6998939554612937,
      "ndcg@20": 0.3431045536212103
    },
    "Content-Based": {
      "n_users": 943,
      "mrr": 0.1008466306906721,
      "hr@5": 0.11346765641569459,
      "ndcg@5": 0.07609258014114498,
      "hr@10": 0.2046659597030753,
      "ndcg@10": 0.1050537300753841,
      "hr@20": 0.35737009544008486,
      "ndcg@20": 0.1433089956133014
    },
    "BPR-MF": {
      "n_users": 943,
      "mrr": 0.3193719149418226,
      "hr@5": 0.49522799575821846,
      "ndcg@5": 0.33278334066656573,
      "hr@10": 0.6765641569459173,
      "ndcg@10": 0.39114934390099687,
      "hr@20": 0.8398727465535525,
      "ndcg@20": 0.43240696876286555
    },
    "NeuMF": {
      "n_users": 943,
      "mrr": 0.327328092957123,
      "hr@5": 0.49522799575821846,
      "ndcg@5": 0.33937454371689596,
      "hr@10": 0.6691410392364793,
      "ndcg@10": 0.3950828921079951,
      "hr@20": 0.823966065747614,
      "ndcg@20": 0.43464074633142386
    },
    "Hybrid": {
      "n_users": 943,
      "mrr": 0.33824742622841036,
      "hr@5": 0.5079533404029692,
      "ndcg@5": 0.3500751730709065,
      "hr@10": 0.6871686108165429,
      "ndcg@10": 0.4082642963481489,
      "hr@20": 0.8356309650053022,
      "ndcg@20": 0.44645997724622144
    }
  },
  "cold_start": {},
  "best_hybrid_weights": [
    0.6,
    0.3,
    0.1
  ],
  "n_test_users": 943,
  "n_cold_users": 0,
  "elapsed_seconds": 115.92748212814331,
  "device": "cpu"
}