{
  "results_cold_start": {
    "ItemPop": {
      "n_users": 150,
      "mrr": 0.14322178655376863,
      "hr@5": 0.17333333333333334,
      "ndcg@5": 0.11358608947902989,
      "hr@10": 0.3466666666666667,
      "ndcg@10": 0.1690916337693152,
      "hr@20": 0.5866666666666667,
      "ndcg@20": 0.2287910278936169
    },
    "Content-Based": {
      "n_users": 150,
      "mrr": 0.08738894276789178,
      "hr@5": 0.10666666666666667,
      "ndcg@5": 0.06651232406103154,
      "hr@10": 0.18666666666666668,
      "ndcg@10": 0.09187382805497796,
      "hr@20": 0.31333333333333335,
      "ndcg@20": 0.12332949896612874
    },
    "BPR-MF": {
      "n_users": 150,
      "mrr": 0.2013088814476418,
      "hr@5": 0.28,
      "ndcg@5": 0.18739362443385654,
      "hr@10": 0.41333333333333333,
      "ndcg@10": 0.231632664730293,
      "hr@20": 0.6266666666666667,
      "ndcg@20": 0.28479659439555727
    },
    "NeuMF": {
      "n_users": 150,
      "mrr": 0.2133075273029608,
      "hr@5": 0.28,
      "ndcg@5": 0.19673394370013136,
      "hr@10": 0.42,
      "ndcg@10": 0.24268534472934003,
      "hr@20": 0.6133333333333333,
      "ndcg@20": 0.2919072868939799
    },
    "Hybrid": {
      "n_users": 150,
      "mrr": 0.2154978932371894,
      "hr@5": 0.2866666666666667,
      "ndcg@5": 0.199605120753954,
      "hr@10": 0.44666666666666666,
      "ndcg@10": 0.25173023153005547,
      "hr@20": 0.6266666666666667,
      "ndcg@20": 0.2963889745080927
    }
  },
  "n_cold_users": 150,
  "elapsed_seconds": 89.09953498840332
}