{
  "best_alpha": 0.9,
  "alpha_sweep": {
    "0.0": 0.028640180547843806,
    "0.2": 0.04388696889471468,
    "0.4": 0.06386940859433385,
    "0.5": 0.07790594824056883,
    "0.6": 0.09956697605148139,
    "0.7": 0.12739980657816807,
    "0.8": 0.1559045697225691,
    "0.9": 0.17231577042907045,
    "1.0": 0.16280332318760538
  },
  "k_list": [
    5,
    10,
    20
  ],
  "results": {
    "Popularity": {
      "5": {
        "precision@5": 0.1483386923901393,
        "recall@5": 0.08064035947763648,
        "map@5": 0.10454656424913661,
        "ndcg@5": 0.14484671620518808,
        "n_users": 933
      },
      "10": {
        "precision@10": 0.13590568060021435,
        "recall@10": 0.13680188459552148,
        "map@10": 0.08984966201755999,
        "ndcg@10": 0.15921030510081216,
        "n_users": 933
      },
      "20": {
        "precision@20": 0.10836012861736334,
        "recall@20": 0.19999136253827224,
        "map@20": 0.08383687842805011,
        "ndcg@20": 0.17739850656414966,
        "n_users": 933
      }
    },
    "Content-Based": {
      "5": {
        "precision@5": 0.02872454448017149,
        "recall@5": 0.014797767781765734,
        "map@5": 0.017430629986900082,
        "ndcg@5": 0.02729035160918312,
        "n_users": 933
      },
      "10": {
        "precision@10": 0.02486602357984995,
        "recall@10": 0.02541732908393259,
        "map@10": 0.01297064238739837,
        "ndcg@10": 0.028640180547843806,
        "n_users": 933
      },
      "20": {
        "precision@20": 0.021650589496248658,
        "recall@20": 0.043571403375989935,
        "map@20": 0.0117648148174924,
        "ndcg@20": 0.03430783101160133,
        "n_users": 933
      }
    },
    "SVD-CF": {
      "5": {
        "precision@5": 0.15841371918542338,
        "recall@5": 0.0813557679316075,
        "map@5": 0.11565886626176015,
        "ndcg@5": 0.15827029913176002,
        "n_users": 933
      },
      "10": {
        "precision@10": 0.12947481243301182,
        "recall@10": 0.1284367767072838,
        "map@10": 0.09328168945717305,
        "ndcg@10": 0.16280332318760538,
        "n_users": 933
      },
      "20": {
        "precision@20": 0.09962486602357987,
        "recall@20": 0.1838840731599666,
        "map@20": 0.08335746822436234,
        "ndcg@20": 0.17627752677880612,
        "n_users": 933
      }
    },
    "Hybrid (a=0.9)": {
      "5": {
        "precision@5": 0.16548767416934618,
        "recall@5": 0.08494635402177902,
        "map@5": 0.12433458377992139,
        "ndcg@5": 0.16693884498867465,
        "n_users": 933
      },
      "10": {
        "precision@10": 0.13708467309753483,
        "recall@10": 0.13463314894803538,
        "map@10": 0.0993862176981467,
        "ndcg@10": 0.17231577042907045,
        "n_users": 933
      },
      "20": {
        "precision@20": 0.10514469453376205,
        "recall@20": 0.19479459080960423,
        "map@20": 0.08836521512637266,
        "ndcg@20": 0.1866488018867121,
        "n_users": 933
      }
    }
  },
  "cold_start_results": {
    "Popularity": {
      "precision@10": 0.077,
      "recall@10": 0.08364633263133586,
      "map@10": 0.035971538800705465,
      "ndcg@10": 0.08962218993006248,
      "n_users": 100
    },
    "Content-Based": {
      "precision@10": 0.035,
      "recall@10": 0.033913096057136306,
      "map@10": 0.013811507936507936,
      "ndcg@10": 0.03745682357292437,
      "n_users": 100
    },
    "SVD-CF": {
      "precision@10": 0.03900000000000001,
      "recall@10": 0.031511422812080706,
      "map@10": 0.015244411375661375,
      "ndcg@10": 0.03990231884400457,
      "n_users": 100
    },
    "Hybrid (a=0.9)": {
      "precision@10": 0.06899999999999999,
      "recall@10": 0.06362825959729984,
      "map@10": 0.026026653439153443,
      "ndcg@10": 0.07194001950355636,
      "n_users": 100
    }
  },
  "n_users_test": 943,
  "n_cold_users": 100,
  "elapsed_seconds": 25.62400507926941
}